YearsOfExperience,Salary
1,355340
3,390874
5,429961.4
8,472957.54
10,614844.802
12,983751.6832
15,1770753.02976
20,3541506.05952
